[
    {
        "id": "REG-69269d8f308775.88346569",
        "nama_lengkap": "Fajar M",
        "nim": "E41251215",
        "email": "E41251215@student.polije.ac.id",
        "telepon": "+6287781451436",
        "jurusan": "Teknologi Informasi",
        "prodi": "Teknik Informatika",
        "alasan": "adadeh",
        "tanggal_daftar": "2025-11-26 06:26:23",
        "status": "pending"
    },
    {
        "id": "REG-6926a01a74ff54.01362504",
        "nama_lengkap": "Asmaun",
        "nim": "e41251323",
        "email": "officialthugmyo@gmail.com",
        "telepon": "+6287124517234",
        "jurusan": "Teknik",
        "prodi": "Teknik Mesin",
        "alasan": "ga ada",
        "tanggal_daftar": "2025-11-26 06:37:14",
        "status": "pending"
    },
    {
        "id": "REG-6926a03af2f3e1.47112510",
        "nama_lengkap": "Asmaun",
        "nim": "e41251323",
        "email": "officialthugmyo@gmail.com",
        "telepon": "+6287124517234",
        "jurusan": "Ekonomi dan Bisnis",
        "prodi": "Akuntansi",
        "alasan": "ga ada",
        "tanggal_daftar": "2025-11-26 06:37:46",
        "status": "pending"
    },
    {
        "id": "REG-6926a04f3f4cd8.80289857",
        "nama_lengkap": "Asmaun",
        "nim": "E41251215",
        "email": "officialthugmyo@gmail.com",
        "telepon": "+6287124517234",
        "jurusan": "Teknik",
        "prodi": "Teknik Sipil",
        "alasan": "ada",
        "tanggal_daftar": "2025-11-26 06:38:07",
        "status": "pending"
    },
    {
        "id": "REG-6928072ac6cf09.55003365",
        "nama_lengkap": "Fajar M",
        "nim": "E41251215",
        "email": "officialthugmyo@gmail.com",
        "telepon": "+6287124517234",
        "jurusan": "Teknologi Pertanian",
        "prodi": "Teknik Energi Terbarukan",
        "alasan": "dadwda",
        "tanggal_daftar": "2025-11-27 08:09:14",
        "status": "pending"
    }
]